Country=> [Antigua and Barbuda] ,slug =>  [antigua-and-barbuda] , ISO2 => [AG]
Country=> [Comoros] ,slug =>  [comoros] , ISO2 => [KM]
Country=> [Ethiopia] ,slug =>  [ethiopia] , ISO2 => [ET]
Country=> [Guatemala] ,slug =>  [guatemala] , ISO2 => [GT]
Country=> [Kiribati] ,slug =>  [kiribati] , ISO2 => [KI]
Country=> [Kyrgyzstan] ,slug =>  [kyrgyzstan] , ISO2 => [KG]
Country=> [Mali] ,slug =>  [mali] , ISO2 => [ML]
Country=> [Angola] ,slug =>  [angola] , ISO2 => [AO]
Country=> [Lebanon] ,slug =>  [lebanon] , ISO2 => [LB]
Country=> [Uzbekistan] ,slug =>  [uzbekistan] , ISO2 => [UZ]
Country=> [Latvia] ,slug =>  [latvia] , ISO2 => [LV]
Country=> [Russian Federation] ,slug =>  [russia] , ISO2 => [RU]
Country=> [Svalbard and Jan Mayen Islands] ,slug =>  [svalbard-and-jan-mayen-islands] , ISO2 => [SJ]
Country=> [Turkey] ,slug =>  [turkey] , ISO2 => [TR]
Country=> [Bangladesh] ,slug =>  [bangladesh] , ISO2 => [BD]
Country=> [Cambodia] ,slug =>  [cambodia] , ISO2 => [KH]
Country=> [Cuba] ,slug =>  [cuba] , ISO2 => [CU]
Country=> [Palau] ,slug =>  [palau] , ISO2 => [PW]
Country=> [Spain] ,slug =>  [spain] , ISO2 => [ES]
Country=> [Thailand] ,slug =>  [thailand] , ISO2 => [TH]
Country=> [Tunisia] ,slug =>  [tunisia] , ISO2 => [TN]
Country=> [Isle of Man] ,slug =>  [isle-of-man] , ISO2 => [IM]
Country=> [Serbia] ,slug =>  [serbia] , ISO2 => [RS]
Country=> [Singapore] ,slug =>  [singapore] , ISO2 => [SG]
Country=> [Malawi] ,slug =>  [malawi] , ISO2 => [MW]
Country=> [Togo] ,slug =>  [togo] , ISO2 => [TG]
Country=> [Jersey] ,slug =>  [jersey] , ISO2 => [JE]
Country=> [Chile] ,slug =>  [chile] , ISO2 => [CL]
Country=> [Réunion] ,slug =>  [réunion] , ISO2 => [RE]
Country=> [Wallis and Futuna Islands] ,slug =>  [wallis-and-futuna-islands] , ISO2 => [WF]
Country=> [Saudi Arabia] ,slug =>  [saudi-arabia] , ISO2 => [SA]
Country=> [Chad] ,slug =>  [chad] , ISO2 => [TD]
Country=> [Dominica] ,slug =>  [dominica] , ISO2 => [DM]
Country=> [Libya] ,slug =>  [libya] , ISO2 => [LY]
Country=> [Turkmenistan] ,slug =>  [turkmenistan] , ISO2 => [TM]
Country=> [Mozambique] ,slug =>  [mozambique] , ISO2 => [MZ]
Country=> [Seychelles] ,slug =>  [seychelles] , ISO2 => [SC]
Country=> [Syrian Arab Republic (Syria)] ,slug =>  [syria] , ISO2 => [SY]
Country=> [American Samoa] ,slug =>  [american-samoa] , ISO2 => [AS]
Country=> [Anguilla] ,slug =>  [anguilla] , ISO2 => [AI]
Country=> [Christmas Island] ,slug =>  [christmas-island] , ISO2 => [CX]
Country=> [Djibouti] ,slug =>  [djibouti] , ISO2 => [DJ]
Country=> [Guam] ,slug =>  [guam] , ISO2 => [GU]
Country=> [Norfolk Island] ,slug =>  [norfolk-island] , ISO2 => [NF]
Country=> [Bahrain] ,slug =>  [bahrain] , ISO2 => [BH]
Country=> [Nigeria] ,slug =>  [nigeria] , ISO2 => [NG]
Country=> [Saint Helena] ,slug =>  [saint-helena] , ISO2 => [SH]
Country=> [British Indian Ocean Territory] ,slug =>  [british-indian-ocean-territory] , ISO2 => [IO]
Country=> [Eritrea] ,slug =>  [eritrea] , ISO2 => [ER]
Country=> [Algeria] ,slug =>  [algeria] , ISO2 => [DZ]
Country=> [Colombia] ,slug =>  [colombia] , ISO2 => [CO]
Country=> [Israel] ,slug =>  [israel] , ISO2 => [IL]
Country=> [Korea (North)] ,slug =>  [korea-north] , ISO2 => [KP]
Country=> [Sudan] ,slug =>  [sudan] , ISO2 => [SD]
Country=> [Virgin Islands, US] ,slug =>  [virgin-islands] , ISO2 => [VI]
Country=> [Belize] ,slug =>  [belize] , ISO2 => [BZ]
Country=> [British Virgin Islands] ,slug =>  [british-virgin-islands] , ISO2 => [VG]
Country=> [Cook Islands] ,slug =>  [cook-islands] , ISO2 => [CK]
Country=> [Dominican Republic] ,slug =>  [dominican-republic] , ISO2 => [DO]
Country=> [Ecuador] ,slug =>  [ecuador] , ISO2 => [EC]
Country=> [El Salvador] ,slug =>  [el-salvador] , ISO2 => [SV]
Country=> [Sao Tome and Principe] ,slug =>  [sao-tome-and-principe] , ISO2 => [ST]
Country=> [Uruguay] ,slug =>  [uruguay] , ISO2 => [UY]
Country=> [Canada] ,slug =>  [canada] , ISO2 => [CA]
Country=> [Hungary] ,slug =>  [hungary] , ISO2 => [HU]
Country=> [Niger] ,slug =>  [niger] , ISO2 => [NE]
Country=> [Oman] ,slug =>  [oman] , ISO2 => [OM]
Country=> [Venezuela (Bolivarian Republic)] ,slug =>  [venezuela] , ISO2 => [VE]
Country=> [Zambia] ,slug =>  [zambia] , ISO2 => [ZM]
Country=> [Egypt] ,slug =>  [egypt] , ISO2 => [EG]
Country=> [Nauru] ,slug =>  [nauru] , ISO2 => [NR]
Country=> [Tanzania, United Republic of] ,slug =>  [tanzania] , ISO2 => [TZ]
Country=> [Gambia] ,slug =>  [gambia] , ISO2 => [GM]
Country=> [Iran, Islamic Republic of] ,slug =>  [iran] , ISO2 => [IR]
Country=> [Luxembourg] ,slug =>  [luxembourg] , ISO2 => [LU]
Country=> [Macedonia, Republic of] ,slug =>  [macedonia] , ISO2 => [MK]
Country=> [Marshall Islands] ,slug =>  [marshall-islands] , ISO2 => [MH]
Country=> [Gibraltar] ,slug =>  [gibraltar] , ISO2 => [GI]
Country=> [Netherlands Antilles] ,slug =>  [netherlands-antilles] , ISO2 => [AN]
Country=> [Pitcairn] ,slug =>  [pitcairn] , ISO2 => [PN]
Country=> [Nicaragua] ,slug =>  [nicaragua] , ISO2 => [NI]
Country=> [Germany] ,slug =>  [germany] , ISO2 => [DE]
Country=> [Korea (South)] ,slug =>  [korea-south] , ISO2 => [KR]
Country=> [Lao PDR] ,slug =>  [lao-pdr] , ISO2 => [LA]
Country=> [Malta] ,slug =>  [malta] , ISO2 => [MT]
Country=> [Mauritania] ,slug =>  [mauritania] , ISO2 => [MR]
Country=> [Namibia] ,slug =>  [namibia] , ISO2 => [NA]
Country=> [Western Sahara] ,slug =>  [western-sahara] , ISO2 => [EH]
Country=> [Falkland Islands (Malvinas)] ,slug =>  [falkland-islands-malvinas] , ISO2 => [FK]
Country=> [Liberia] ,slug =>  [liberia] , ISO2 => [LR]
Country=> [Pakistan] ,slug =>  [pakistan] , ISO2 => [PK]
Country=> [Guyana] ,slug =>  [guyana] , ISO2 => [GY]
Country=> [Micronesia, Federated States of] ,slug =>  [micronesia] , ISO2 => [FM]
Country=> [Bermuda] ,slug =>  [bermuda] , ISO2 => [BM]
Country=> [Bouvet Island] ,slug =>  [bouvet-island] , ISO2 => [BV]
Country=> [Ghana] ,slug =>  [ghana] , ISO2 => [GH]
Country=> [Montserrat] ,slug =>  [montserrat] , ISO2 => [MS]
Country=> [San Marino] ,slug =>  [san-marino] , ISO2 => [SM]
Country=> [Uganda] ,slug =>  [uganda] , ISO2 => [UG]
Country=> [Bosnia and Herzegovina] ,slug =>  [bosnia-and-herzegovina] , ISO2 => [BA]
Country=> [Panama] ,slug =>  [panama] , ISO2 => [PA]
Country=> [Viet Nam] ,slug =>  [vietnam] , ISO2 => [VN]
Country=> [Norway] ,slug =>  [norway] , ISO2 => [NO]
Country=> [United Arab Emirates] ,slug =>  [united-arab-emirates] , ISO2 => [AE]
Country=> [Denmark] ,slug =>  [denmark] , ISO2 => [DK]
Country=> [Guernsey] ,slug =>  [guernsey] , ISO2 => [GG]
Country=> [Slovakia] ,slug =>  [slovakia] , ISO2 => [SK]
Country=> [Republic of Kosovo] ,slug =>  [kosovo] , ISO2 => [XK]
Country=> [Mauritius] ,slug =>  [mauritius] , ISO2 => [MU]
Country=> [Niue] ,slug =>  [niue] , ISO2 => [NU]
Country=> [Romania] ,slug =>  [romania] , ISO2 => [RO]
Country=> [Costa Rica] ,slug =>  [costa-rica] , ISO2 => [CR]
Country=> [Greenland] ,slug =>  [greenland] , ISO2 => [GL]
Country=> [New Caledonia] ,slug =>  [new-caledonia] , ISO2 => [NC]
Country=> [South Sudan] ,slug =>  [south-sudan] , ISO2 => [SS]
Country=> [ALA Aland Islands] ,slug =>  [ala-aland-islands] , ISO2 => [AX]
Country=> [Iceland] ,slug =>  [iceland] , ISO2 => [IS]
Country=> [Papua New Guinea] ,slug =>  [papua-new-guinea] , ISO2 => [PG]
Country=> [Bulgaria] ,slug =>  [bulgaria] , ISO2 => [BG]
Country=> [Honduras] ,slug =>  [honduras] , ISO2 => [HN]
Country=> [Austria] ,slug =>  [austria] , ISO2 => [AT]
Country=> [Georgia] ,slug =>  [georgia] , ISO2 => [GE]
Country=> [Montenegro] ,slug =>  [montenegro] , ISO2 => [ME]
Country=> [Suriname] ,slug =>  [suriname] , ISO2 => [SR]
Country=> [Switzerland] ,slug =>  [switzerland] , ISO2 => [CH]
Country=> [Tuvalu] ,slug =>  [tuvalu] , ISO2 => [TV]
Country=> [Turks and Caicos Islands] ,slug =>  [turks-and-caicos-islands] , ISO2 => [TC]
Country=> [Albania] ,slug =>  [albania] , ISO2 => [AL]
Country=> [Bahamas] ,slug =>  [bahamas] , ISO2 => [BS]
Country=> [Paraguay] ,slug =>  [paraguay] , ISO2 => [PY]
Country=> [Samoa] ,slug =>  [samoa] , ISO2 => [WS]
Country=> [South Africa] ,slug =>  [south-africa] , ISO2 => [ZA]
Country=> [Taiwan, Republic of China] ,slug =>  [taiwan] , ISO2 => [TW]
Country=> [Saint-Martin (French part)] ,slug =>  [saint-martin-french-part] , ISO2 => [MF]
Country=> [Liechtenstein] ,slug =>  [liechtenstein] , ISO2 => [LI]
Country=> [Madagascar] ,slug =>  [madagascar] , ISO2 => [MG]
Country=> [Palestinian Territory] ,slug =>  [palestine] , ISO2 => [PS]
Country=> [Peru] ,slug =>  [peru] , ISO2 => [PE]
Country=> [Saint-Barthélemy] ,slug =>  [saint-barthélemy] , ISO2 => [BL]
Country=> [Australia] ,slug =>  [australia] , ISO2 => [AU]
Country=> [Benin] ,slug =>  [benin] , ISO2 => [BJ]
Country=> [Malaysia] ,slug =>  [malaysia] , ISO2 => [MY]
Country=> [Poland] ,slug =>  [poland] , ISO2 => [PL]
Country=> [Botswana] ,slug =>  [botswana] , ISO2 => [BW]
Country=> [Faroe Islands] ,slug =>  [faroe-islands] , ISO2 => [FO]
Country=> [Mongolia] ,slug =>  [mongolia] , ISO2 => [MN]
Country=> [Estonia] ,slug =>  [estonia] , ISO2 => [EE]
Country=> [Guinea-Bissau] ,slug =>  [guinea-bissau] , ISO2 => [GW]
Country=> [Iraq] ,slug =>  [iraq] , ISO2 => [IQ]
Country=> [South Georgia and the South Sandwich Islands] ,slug =>  [south-georgia-and-the-south-sandwich-islands] , ISO2 => [GS]
Country=> [Burkina Faso] ,slug =>  [burkina-faso] , ISO2 => [BF]
Country=> [Cameroon] ,slug =>  [cameroon] , ISO2 => [CM]
Country=> [Martinique] ,slug =>  [martinique] , ISO2 => [MQ]
Country=> [Moldova] ,slug =>  [moldova] , ISO2 => [MD]
Country=> [Saint Vincent and Grenadines] ,slug =>  [saint-vincent-and-the-grenadines] , ISO2 => [VC]
Country=> [Afghanistan] ,slug =>  [afghanistan] , ISO2 => [AF]
Country=> [Finland] ,slug =>  [finland] , ISO2 => [FI]
Country=> [French Polynesia] ,slug =>  [french-polynesia] , ISO2 => [PF]
Country=> [Northern Mariana Islands] ,slug =>  [northern-mariana-islands] , ISO2 => [MP]
Country=> [Sierra Leone] ,slug =>  [sierra-leone] , ISO2 => [SL]
Country=> [United States of America] ,slug =>  [united-states] , ISO2 => [US]
Country=> [US Minor Outlying Islands] ,slug =>  [us-minor-outlying-islands] , ISO2 => [UM]
Country=> [Cape Verde] ,slug =>  [cape-verde] , ISO2 => [CV]
Country=> [Sweden] ,slug =>  [sweden] , ISO2 => [SE]
Country=> [Tajikistan] ,slug =>  [tajikistan] , ISO2 => [TJ]
Country=> [Bolivia] ,slug =>  [bolivia] , ISO2 => [BO]
Country=> [Haiti] ,slug =>  [haiti] , ISO2 => [HT]
Country=> [Saint Kitts and Nevis] ,slug =>  [saint-kitts-and-nevis] , ISO2 => [KN]
Country=> [Fiji] ,slug =>  [fiji] , ISO2 => [FJ]
Country=> [Guadeloupe] ,slug =>  [guadeloupe] , ISO2 => [GP]
Country=> [Heard and Mcdonald Islands] ,slug =>  [heard-and-mcdonald-islands] , ISO2 => [HM]
Country=> [Italy] ,slug =>  [italy] , ISO2 => [IT]
Country=> [Qatar] ,slug =>  [qatar] , ISO2 => [QA]
Country=> [Croatia] ,slug =>  [croatia] , ISO2 => [HR]
Country=> [France] ,slug =>  [france] , ISO2 => [FR]
Country=> [Kazakhstan] ,slug =>  [kazakhstan] , ISO2 => [KZ]
Country=> [Kenya] ,slug =>  [kenya] , ISO2 => [KE]
Country=> [Trinidad and Tobago] ,slug =>  [trinidad-and-tobago] , ISO2 => [TT]
Country=> [Tonga] ,slug =>  [tonga] , ISO2 => [TO]
Country=> [Central African Republic] ,slug =>  [central-african-republic] , ISO2 => [CF]
Country=> [Congo (Kinshasa)] ,slug =>  [congo-kinshasa] , ISO2 => [CD]
Country=> [Cyprus] ,slug =>  [cyprus] , ISO2 => [CY]
Country=> [French Southern Territories] ,slug =>  [french-southern-territories] , ISO2 => [TF]
Country=> [Holy See (Vatican City State)] ,slug =>  [holy-see-vatican-city-state] , ISO2 => [VA]
Country=> [Hong Kong, SAR China] ,slug =>  [hong-kong-sar-china] , ISO2 => [HK]
Country=> [Slovenia] ,slug =>  [slovenia] , ISO2 => [SI]
Country=> [Czech Republic] ,slug =>  [czech-republic] , ISO2 => [CZ]
Country=> [Gabon] ,slug =>  [gabon] , ISO2 => [GA]
Country=> [Greece] ,slug =>  [greece] , ISO2 => [GR]
Country=> [Portugal] ,slug =>  [portugal] , ISO2 => [PT]
Country=> [Ukraine] ,slug =>  [ukraine] , ISO2 => [UA]
Country=> [Equatorial Guinea] ,slug =>  [equatorial-guinea] , ISO2 => [GQ]
Country=> [Guinea] ,slug =>  [guinea] , ISO2 => [GN]
Country=> [Monaco] ,slug =>  [monaco] , ISO2 => [MC]
Country=> [Timor-Leste] ,slug =>  [timor-leste] , ISO2 => [TL]
Country=> [Argentina] ,slug =>  [argentina] , ISO2 => [AR]
Country=> [Brazil] ,slug =>  [brazil] , ISO2 => [BR]
Country=> [French Guiana] ,slug =>  [french-guiana] , ISO2 => [GF]
Country=> [Lithuania] ,slug =>  [lithuania] , ISO2 => [LT]
Country=> [Belgium] ,slug =>  [belgium] , ISO2 => [BE]
Country=> [Ireland] ,slug =>  [ireland] , ISO2 => [IE]
Country=> [Macao, SAR China] ,slug =>  [macao-sar-china] , ISO2 => [MO]
Country=> [Mayotte] ,slug =>  [mayotte] , ISO2 => [YT]
Country=> [Azerbaijan] ,slug =>  [azerbaijan] , ISO2 => [AZ]
Country=> [Tokelau] ,slug =>  [tokelau] , ISO2 => [TK]
Country=> [Antarctica] ,slug =>  [antarctica] , ISO2 => [AQ]
Country=> [Burundi] ,slug =>  [burundi] , ISO2 => [BI]
Country=> [Japan] ,slug =>  [japan] , ISO2 => [JP]
Country=> [Cocos (Keeling) Islands] ,slug =>  [cocos-keeling-islands] , ISO2 => [CC]
Country=> [Philippines] ,slug =>  [philippines] , ISO2 => [PH]
Country=> [Armenia] ,slug =>  [armenia] , ISO2 => [AM]
Country=> [Belarus] ,slug =>  [belarus] , ISO2 => [BY]
Country=> [Jordan] ,slug =>  [jordan] , ISO2 => [JO]
Country=> [Nepal] ,slug =>  [nepal] , ISO2 => [NP]
Country=> [Saint Pierre and Miquelon] ,slug =>  [saint-pierre-and-miquelon] , ISO2 => [PM]
Country=> [Solomon Islands] ,slug =>  [solomon-islands] , ISO2 => [SB]
Country=> [Vanuatu] ,slug =>  [vanuatu] , ISO2 => [VU]
Country=> [Barbados] ,slug =>  [barbados] , ISO2 => [BB]
Country=> [Lesotho] ,slug =>  [lesotho] , ISO2 => [LS]
Country=> [Myanmar] ,slug =>  [myanmar] , ISO2 => [MM]
Country=> [Netherlands] ,slug =>  [netherlands] , ISO2 => [NL]
Country=> [Yemen] ,slug =>  [yemen] , ISO2 => [YE]
Country=> [China] ,slug =>  [china] , ISO2 => [CN]
Country=> [Côte d'Ivoire] ,slug =>  [cote-divoire] , ISO2 => [CI]
Country=> [New Zealand] ,slug =>  [new-zealand] , ISO2 => [NZ]
Country=> [Sri Lanka] ,slug =>  [sri-lanka] , ISO2 => [LK]
Country=> [Aruba] ,slug =>  [aruba] , ISO2 => [AW]
Country=> [India] ,slug =>  [india] , ISO2 => [IN]
Country=> [Maldives] ,slug =>  [maldives] , ISO2 => [MV]
Country=> [Zimbabwe] ,slug =>  [zimbabwe] , ISO2 => [ZW]
Country=> [Congo (Brazzaville)] ,slug =>  [congo-brazzaville] , ISO2 => [CG]
Country=> [Mexico] ,slug =>  [mexico] , ISO2 => [MX]
Country=> [Senegal] ,slug =>  [senegal] , ISO2 => [SN]
Country=> [Andorra] ,slug =>  [andorra] , ISO2 => [AD]
Country=> [Cayman Islands] ,slug =>  [cayman-islands] , ISO2 => [KY]
Country=> [Grenada] ,slug =>  [grenada] , ISO2 => [GD]
Country=> [Jamaica] ,slug =>  [jamaica] , ISO2 => [JM]
Country=> [Saint Lucia] ,slug =>  [saint-lucia] , ISO2 => [LC]
Country=> [United Kingdom] ,slug =>  [united-kingdom] , ISO2 => [GB]
Country=> [Bhutan] ,slug =>  [bhutan] , ISO2 => [BT]
Country=> [Brunei Darussalam] ,slug =>  [brunei] , ISO2 => [BN]
Country=> [Kuwait] ,slug =>  [kuwait] , ISO2 => [KW]
Country=> [Puerto Rico] ,slug =>  [puerto-rico] , ISO2 => [PR]
Country=> [Swaziland] ,slug =>  [swaziland] , ISO2 => [SZ]
Country=> [Indonesia] ,slug =>  [indonesia] , ISO2 => [ID]
Country=> [Morocco] ,slug =>  [morocco] , ISO2 => [MA]
Country=> [Rwanda] ,slug =>  [rwanda] , ISO2 => [RW]
Country=> [Somalia] ,slug =>  [somalia] , ISO2 => [SO]
